Command_File,Current_Status,Sequence_Position,Merged_Into,Still_Active,Superseded,Reason,Must_Update,Must_Archive,Notes
0-DIR_DIVING_IOS_COMPLETE_MATH_FUNCTIONS_AUDIT_CCR_UPDATED_V3.0.md,missing from active dir,legacy 0,02-MASTER_IOS_FULL_DEEP_COMPREHENSIVE,no,yes,Math scope merged into Command 02,no,yes,Copy in OOLD/
0W-DIR_DIVING_WATCH_COMPLETE_MATH_FUNCTIONS_AUDIT_V3.0.md,missing from active dir,legacy 0W,01-MASTER_WATCH_FULL_COMPUTER,no,yes,Watch math merged into Command 01,no,yes,Copy in OOLD/
1-DIR_DIVING_IOS_BUHLMANN_COMPREHENSIVE_READINESS_AUDIT_CCR_UPDATED_V3.0.md,missing from active dir,legacy 1,02-MASTER_IOS,no,yes,Bühlmann readiness merged,no,yes,OOLD/
2-DIR_DIVING_WATCH_COMPLETE_ALGORITHM_AUDIT_CCR_UPDATED_V3.0.md,missing from active dir,legacy 2,01-MASTER_WATCH,no,yes,Watch algorithm merged,no,yes,OOLD/
3-DIR_DIVING_IOS_COMPLETE_ALGORITHM_AUDIT_CCR_UPDATED_V3.0.md,missing from active dir,legacy 3,02-MASTER_IOS,no,yes,iOS algorithm merged,no,yes,OOLD/
4-DIR_DIVING_UI_UX_AUDIT_CCR_UPDATED_V3.0.md,missing from active dir,legacy 4,03-MASTER_UI_UX,no,yes,UI/UX merged,no,yes,OLD V2.0 only
5-DIR_DIVING_MAIN_DEEP_CODE_ANALYSIS_COMMAND_CCR_UPDATED_V3.0.md,missing from active dir,legacy 5,04-MASTER_MAIN_CODE,no,yes,Main code merged,no,yes,OLD V2.0 only
6-DIR_DIVING_GIT_DOCUMENTATION_ALIGNMENT_COMMAND_CCR_UPDATED_V3.0.md,missing from active dir,legacy 6,06-MASTER_DOCUMENTATION_REPOSITORY_ALIGNMENT,no,yes,Doc alignment superseded,no,yes,OLD V2.0 only
7-DIR_DIVING_ACTIVITY_ARCHITECTURE_SETTINGS_LOGBOOK_AUDIT_V3.0.md,missing from active dir,legacy 7,02+03 master audits,no,yes,Settings/logbook in iOS+UI/UX,no,yes,Not in repo active path
8-DIR_DIVING_SYNC_PERSISTENCE_SCHEMA_AUDIT_V3.0.md,missing from active dir,legacy 8,04-MASTER_MAIN_CODE,no,yes,Sync merged,no,yes,Not in repo active path
9-DIR_DIVING_SECURITY_PRIVACY_TRUST_AUDIT_V3.0.md,missing from active dir,legacy 9,04-MASTER_MAIN_CODE,no,yes,Security merged,no,yes,Not in repo active path
10-DIR_DIVING_PERFORMANCE_CONCURRENCY_BATTERY_AUDIT_V3.0.md,missing from active dir,legacy 10,04-MASTER_MAIN_CODE,no,yes,Performance merged,no,yes,Not in repo active path
11-DIR_DIVING_LOCALIZATION_ACCESSIBILITY_AUDIT_V3.0.md,missing from active dir,legacy 11,03-MASTER_UI_UX,no,yes,l10n/a11y in UI/UX,no,yes,Not in repo active path
12-DIR_DIVING_TEST_QA_EVIDENCE_AUDIT_V3.0.md,missing from active dir,legacy 12,05-MASTER_RELEASE_QA,no,yes,QA evidence merged,no,yes,Not in repo active path
13-DIR_DIVING_RELEASE_LEGAL_CLAIMS_COMPLIANCE_AUDIT_V3.0.md,missing from active dir,legacy 13,05-MASTER_RELEASE_QA,no,yes,Legal claims merged,no,yes,Not in repo active path
14-DIR_DIVING_MOCKUP_VISUAL_REGRESSION_AUDIT_V3.0.md,missing from active dir,legacy 14,03-MASTER_UI_UX,no,yes,Mockups in UI/UX,no,yes,Not in repo active path
15-DIR_DIVING_WATCH_LIVE_BUHLMANN_SCHREINER_MULTILEVEL_AUDIT_V1.0.md,missing from active dir,legacy 15,01-MASTER_WATCH,no,yes,Multilevel merged into Watch FC,no,yes,OOLD 01WWATCH variant
16-DIR_DIVING_COMPLETE_UI_UX_IMPLEMENTATION_COHERENCE_AUDIT_V1.0.md,missing from active dir,legacy 16,03-MASTER_UI_UX,no,yes,Coherence in UI/UX V2.x,no,yes,Not in repo active path
IOS_PERFORMANCE_OPTIMIZATION_AUDIT_COMMAND_V1.0.md,orphan command doc,parallel,04-MASTER_MAIN_CODE partial,no,yes,Partial merge into 04,no,yes,IOS performance audit outputs remain indexed
MASTER_WATCH_FULL_COMPUTER_FORENSIC_AUDIT_COMMAND_V2.1.md,aligned active (inner V2.0),01,15+2+0W,yes,no,Launch order 01 PASS; filename V2.1 inner header V2.0,yes,no,CONS-001 FIXED @ 5d757cc; optional header bump P2
MASTER_IOS_FULL_DEEP_COMPREHENSIVE_AUDIT_COMMAND_V1.1.md,aligned active,02,0+1+3,yes,no,Launch order 02 PASS; body V1.1,no,no,CONS-001 FIXED
MASTER_UI_UX_FULL_DEEP_COMPREHENSIVE_AUDIT_COMMAND_V2.2.md,aligned active (inner V2.1),03,4+11+14+16,yes,no,Launch order 03 PASS; filename V2.2 inner header V2.1,yes,no,CONS-001 FIXED; optional header bump P2
MASTER_MAIN_CODE_SYNC_SECURITY_PERFORMANCE_AUDIT_COMMAND_V1.1.md,aligned active (inner V1.0),04,5+8+9+10,yes,no,Launch order 04 PASS; filename V1.1 inner header V1.0,yes,no,CONS-001 FIXED; optional header bump P2
MASTER_RELEASE_QA_EVIDENCE_COMPLIANCE_AUDIT_COMMAND_V1.1.md,aligned active,05,12+13,yes,no,Body matches filename,no,no,Output MASTER_RELEASE_* exists
MASTER_DOCUMENTATION_REPOSITORY_ALIGNMENT_AUDIT_COMMAND_V1.1.md,aligned active,06,6,yes,no,This audit command,no,no,Output this pass @ 5d757cc
00-MASTER_SUPER_ORCHESTRATOR_FULL_AUDIT_SEQUENCE_AND_NON_REGRESSIVE_REMEDIATION_PLAN_COMMAND_V1.2.md,aligned active,00,orchestrates 01–06,yes,no,V1.2 correct filename/body,no,no,Subcommands launch-order aligned post CONS-001
00-DIR_DIVING_MASTER_AUDIT_LAUNCH_SEQUENCE_UPDATED_2026-06-28.md,active helper,00,documents 01–06,yes,no,Correct sequence doc,yes,no,Partially indexed; Command 06 block pending
commands_for_cursor/OOLD/04-MASTER_MAIN_CODE_SYNC_SECURITY_PERFORMANCE_AUDIT_COMMAND_V1.0.md,archive,04 prior,superseded by V1.1,no,yes,V1.0 prior version,no,yes,Archive reference
commands_for_cursor/OOLD/03-MASTER_UI_UX_FULL_DEEP_COMPREHENSIVE_AUDIT_COMMAND_V2.1.md,archive,03 prior,superseded by V2.2,no,yes,V2.1 prior,no,yes,Archive reference
commands_for_cursor/OOLD/02-MASTER_IOS_FULL_DEEP_COMPREHENSIVE_AUDIT_COMMAND_V1.0.md,archive,02 prior,superseded by V1.1,no,yes,V1.0 prior,no,yes,Archive reference
commands_for_cursor/OOLD/01-MASTER_WATCH_FULL_COMPUTER_FORENSIC_AUDIT_COMMAND_V2.0.md,archive,01 prior,superseded by V2.1,no,yes,V2.0 Watch body,no,yes,Archive reference
